[
  {
    "graph_idx": 1,
    "num_nodes": 23,
    "num_edges": 51,
    "balanced": {
      "num_nodes": 23,
      "num_virtual_nodes": 10,
      "num_edges": 188,
      "density": 0.7430830039525692,
      "avg_path_length": 0.051475830564861845,
      "diameter": 0.22222223546769904,
      "spectral_gap": 0.4534285847470558,
      "algebraic_connectivity": 0.4534285847470558,
      "cheeger_constant": 0.2267142923735279,
      "mean_edge_weight": 0.13542270439942009,
      "max_edge_weight": 0.40079367078012895,
      "min_edge_weight": 0.002267573958013608,
      "std_edge_weight": 0.09707144971220856
    },
    "uniform": {
      "num_nodes": 23,
      "num_virtual_nodes": 10,
      "num_edges": 253,
      "density": 1.0,
      "avg_path_length": 0.33333335320154855,
      "diameter": 0.33333335320154855,
      "spectral_gap": 1.0454545454545436,
      "algebraic_connectivity": 1.0454545454545436,
      "cheeger_constant": 0.5227272727272718,
      "mean_edge_weight": 0.33333335320154855,
      "max_edge_weight": 0.33333335320154855,
      "min_edge_weight": 0.33333335320154855,
      "std_edge_weight": 0.0
    },
    "differences": {
      "num_nodes": 0,
      "num_virtual_nodes": 0,
      "num_edges": -65,
      "density": -0.2569169960474308,
      "avg_path_length": -0.28185752263668673,
      "diameter": -0.11111111773384952,
      "spectral_gap": -0.5920259607074878,
      "algebraic_connectivity": -0.5920259607074878,
      "cheeger_constant": -0.2960129803537439,
      "mean_edge_weight": -0.19791064880212847,
      "max_edge_weight": 0.0674603175785804,
      "min_edge_weight": -0.331065779243535,
      "std_edge_weight": 0.09707144971220856
    }
  },
  {
    "graph_idx": 2,
    "num_nodes": 25,
    "num_edges": 46,
    "balanced": {
      "num_nodes": 25,
      "num_virtual_nodes": 10,
      "num_edges": 231,
      "density": 0.77,
      "avg_path_length": 0.04987859334810749,
      "diameter": 0.22222223546769904,
      "spectral_gap": 0.4891429199664904,
      "algebraic_connectivity": 0.4891429199664904,
      "cheeger_constant": 0.2445714599832452,
      "mean_edge_weight": 0.13660046266786147,
      "max_edge_weight": 0.4007936956153988,
      "min_edge_weight": 0.002267573958013608,
      "std_edge_weight": 0.09653162057778458
    },
    "uniform": {
      "num_nodes": 25,
      "num_virtual_nodes": 10,
      "num_edges": 300,
      "density": 1.0,
      "avg_path_length": 0.33333335320154855,
      "diameter": 0.33333335320154855,
      "spectral_gap": 1.0416666666666645,
      "algebraic_connectivity": 1.0416666666666645,
      "cheeger_constant": 0.5208333333333323,
      "mean_edge_weight": 0.33333335320154855,
      "max_edge_weight": 0.33333335320154855,
      "min_edge_weight": 0.33333335320154855,
      "std_edge_weight": 0.0
    },
    "differences": {
      "num_nodes": 0,
      "num_virtual_nodes": 0,
      "num_edges": -69,
      "density": -0.22999999999999998,
      "avg_path_length": -0.28345475985344104,
      "diameter": -0.11111111773384952,
      "spectral_gap": -0.5525237467001741,
      "algebraic_connectivity": -0.5525237467001741,
      "cheeger_constant": -0.27626187335008706,
      "mean_edge_weight": -0.1967328905336871,
      "max_edge_weight": 0.06746034241385024,
      "min_edge_weight": -0.331065779243535,
      "std_edge_weight": 0.09653162057778458
    }
  },
  {
    "graph_idx": 3,
    "num_nodes": 24,
    "num_edges": 45,
    "balanced": {
      "num_nodes": 24,
      "num_virtual_nodes": 10,
      "num_edges": 209,
      "density": 0.7572463768115942,
      "avg_path_length": 0.0505813762330178,
      "diameter": 0.22222223546769904,
      "spectral_gap": 0.4754739563733237,
      "algebraic_connectivity": 0.4754739563733237,
      "cheeger_constant": 0.23773697818666184,
      "mean_edge_weight": 0.1372329687582989,
      "max_edge_weight": 0.4007936456344182,
      "min_edge_weight": 0.002267573958013608,
      "std_edge_weight": 0.09709778052831415
    },
    "uniform": {
      "num_nodes": 24,
      "num_virtual_nodes": 10,
      "num_edges": 276,
      "density": 1.0,
      "avg_path_length": 0.33333335320154855,
      "diameter": 0.33333335320154855,
      "spectral_gap": 1.0434782608695634,
      "algebraic_connectivity": 1.0434782608695634,
      "cheeger_constant": 0.5217391304347817,
      "mean_edge_weight": 0.33333335320154855,
      "max_edge_weight": 0.33333335320154855,
      "min_edge_weight": 0.33333335320154855,
      "std_edge_weight": 0.0
    },
    "differences": {
      "num_nodes": 0,
      "num_virtual_nodes": 0,
      "num_edges": -67,
      "density": -0.24275362318840576,
      "avg_path_length": -0.28275197696853077,
      "diameter": -0.11111111773384952,
      "spectral_gap": -0.5680043044962397,
      "algebraic_connectivity": -0.5680043044962397,
      "cheeger_constant": -0.28400215224811987,
      "mean_edge_weight": -0.19610038444324965,
      "max_edge_weight": 0.06746029243286966,
      "min_edge_weight": -0.331065779243535,
      "std_edge_weight": 0.09709778052831415
    }
  },
  {
    "graph_idx": 4,
    "num_nodes": 23,
    "num_edges": 45,
    "balanced": {
      "num_nodes": 23,
      "num_virtual_nodes": 10,
      "num_edges": 188,
      "density": 0.7430830039525692,
      "avg_path_length": 0.05147583059571311,
      "diameter": 0.22222223546769904,
      "spectral_gap": 0.4534285843580213,
      "algebraic_connectivity": 0.4534285843580213,
      "cheeger_constant": 0.22671429217901065,
      "mean_edge_weight": 0.13542270375282556,
      "max_edge_weight": 0.40079367109056985,
      "min_edge_weight": 0.002267573958013608,
      "std_edge_weight": 0.09707144884058559
    },
    "uniform": {
      "num_nodes": 23,
      "num_virtual_nodes": 10,
      "num_edges": 253,
      "density": 1.0,
      "avg_path_length": 0.33333335320154855,
      "diameter": 0.33333335320154855,
      "spectral_gap": 1.0454545454545436,
      "algebraic_connectivity": 1.0454545454545436,
      "cheeger_constant": 0.5227272727272718,
      "mean_edge_weight": 0.33333335320154855,
      "max_edge_weight": 0.33333335320154855,
      "min_edge_weight": 0.33333335320154855,
      "std_edge_weight": 0.0
    },
    "differences": {
      "num_nodes": 0,
      "num_virtual_nodes": 0,
      "num_edges": -65,
      "density": -0.2569169960474308,
      "avg_path_length": -0.28185752260583546,
      "diameter": -0.11111111773384952,
      "spectral_gap": -0.5920259610965224,
      "algebraic_connectivity": -0.5920259610965224,
      "cheeger_constant": -0.2960129805482612,
      "mean_edge_weight": -0.197910649448723,
      "max_edge_weight": 0.06746031788902129,
      "min_edge_weight": -0.331065779243535,
      "std_edge_weight": 0.09707144884058559
    }
  },
  {
    "graph_idx": 5,
    "num_nodes": 24,
    "num_edges": 46,
    "balanced": {
      "num_nodes": 24,
      "num_virtual_nodes": 10,
      "num_edges": 209,
      "density": 0.7572463768115942,
      "avg_path_length": 0.05058137680922946,
      "diameter": 0.22222223546769904,
      "spectral_gap": 0.4754739551724054,
      "algebraic_connectivity": 0.4754739551724054,
      "cheeger_constant": 0.2377369775862027,
      "mean_edge_weight": 0.1372329697912628,
      "max_edge_weight": 0.40079367078012895,
      "min_edge_weight": 0.002267573958013608,
      "std_edge_weight": 0.09709778156674115
    },
    "uniform": {
      "num_nodes": 24,
      "num_virtual_nodes": 10,
      "num_edges": 276,
      "density": 1.0,
      "avg_path_length": 0.33333335320154855,
      "diameter": 0.33333335320154855,
      "spectral_gap": 1.0434782608695634,
      "algebraic_connectivity": 1.0434782608695634,
      "cheeger_constant": 0.5217391304347817,
      "mean_edge_weight": 0.33333335320154855,
      "max_edge_weight": 0.33333335320154855,
      "min_edge_weight": 0.33333335320154855,
      "std_edge_weight": 0.0
    },
    "differences": {
      "num_nodes": 0,
      "num_virtual_nodes": 0,
      "num_edges": -67,
      "density": -0.24275362318840576,
      "avg_path_length": -0.2827519763923191,
      "diameter": -0.11111111773384952,
      "spectral_gap": -0.568004305697158,
      "algebraic_connectivity": -0.568004305697158,
      "cheeger_constant": -0.284002152848579,
      "mean_edge_weight": -0.19610038341028577,
      "max_edge_weight": 0.0674603175785804,
      "min_edge_weight": -0.331065779243535,
      "std_edge_weight": 0.09709778156674115
    }
  },
  {
    "graph_idx": 6,
    "num_nodes": 26,
    "num_edges": 59,
    "balanced": {
      "num_nodes": 26,
      "num_virtual_nodes": 10,
      "num_edges": 249,
      "density": 0.7661538461538462,
      "avg_path_length": 0.04971001491123434,
      "diameter": 0.22222223546769904,
      "spectral_gap": 0.4795044013678163,
      "algebraic_connectivity": 0.4795044013678163,
      "cheeger_constant": 0.23975220068390815,
      "mean_edge_weight": 0.13713243572195807,
      "max_edge_weight": 0.4007936456344182,
      "min_edge_weight": 0.002267573958013608,
      "std_edge_weight": 0.0963353673920384
    },
    "uniform": {
      "num_nodes": 26,
      "num_virtual_nodes": 10,
      "num_edges": 325,
      "density": 1.0,
      "avg_path_length": 0.33333335320154855,
      "diameter": 0.33333335320154855,
      "spectral_gap": 1.039999999999999,
      "algebraic_connectivity": 1.039999999999999,
      "cheeger_constant": 0.5199999999999995,
      "mean_edge_weight": 0.33333335320154855,
      "max_edge_weight": 0.33333335320154855,
      "min_edge_weight": 0.33333335320154855,
      "std_edge_weight": 0.0
    },
    "differences": {
      "num_nodes": 0,
      "num_virtual_nodes": 0,
      "num_edges": -76,
      "density": -0.23384615384615381,
      "avg_path_length": -0.2836233382903142,
      "diameter": -0.11111111773384952,
      "spectral_gap": -0.5604955986321827,
      "algebraic_connectivity": -0.5604955986321827,
      "cheeger_constant": -0.28024779931609134,
      "mean_edge_weight": -0.19620091747959048,
      "max_edge_weight": 0.06746029243286966,
      "min_edge_weight": -0.331065779243535,
      "std_edge_weight": 0.0963353673920384
    }
  },
  {
    "graph_idx": 8,
    "num_nodes": 23,
    "num_edges": 39,
    "balanced": {
      "num_nodes": 23,
      "num_virtual_nodes": 10,
      "num_edges": 188,
      "density": 0.7430830039525692,
      "avg_path_length": 0.05147583059571311,
      "diameter": 0.22222223546769904,
      "spectral_gap": 0.4534285843580213,
      "algebraic_connectivity": 0.4534285843580213,
      "cheeger_constant": 0.22671429217901065,
      "mean_edge_weight": 0.13542270375282556,
      "max_edge_weight": 0.40079367109056985,
      "min_edge_weight": 0.002267573958013608,
      "std_edge_weight": 0.09707144884058559
    },
    "uniform": {
      "num_nodes": 23,
      "num_virtual_nodes": 10,
      "num_edges": 253,
      "density": 1.0,
      "avg_path_length": 0.33333335320154855,
      "diameter": 0.33333335320154855,
      "spectral_gap": 1.0454545454545436,
      "algebraic_connectivity": 1.0454545454545436,
      "cheeger_constant": 0.5227272727272718,
      "mean_edge_weight": 0.33333335320154855,
      "max_edge_weight": 0.33333335320154855,
      "min_edge_weight": 0.33333335320154855,
      "std_edge_weight": 0.0
    },
    "differences": {
      "num_nodes": 0,
      "num_virtual_nodes": 0,
      "num_edges": -65,
      "density": -0.2569169960474308,
      "avg_path_length": -0.28185752260583546,
      "diameter": -0.11111111773384952,
      "spectral_gap": -0.5920259610965224,
      "algebraic_connectivity": -0.5920259610965224,
      "cheeger_constant": -0.2960129805482612,
      "mean_edge_weight": -0.197910649448723,
      "max_edge_weight": 0.06746031788902129,
      "min_edge_weight": -0.331065779243535,
      "std_edge_weight": 0.09707144884058559
    }
  }
]