[
  {
    "graph_idx": 1,
    "num_nodes": 27,
    "num_edges": 46,
    "balanced": {
      "num_nodes": 27,
      "num_virtual_nodes": 10,
      "num_edges": 273,
      "density": 0.7777777777777778,
      "avg_path_length": 0.041372723293021156,
      "diameter": 0.15873016513115362,
      "spectral_gap": 0.385511995183473,
      "algebraic_connectivity": 0.385511995183473,
      "cheeger_constant": 0.1927559975917365,
      "mean_edge_weight": 0.12589862617184103,
      "max_edge_weight": 0.7083334003885603,
      "min_edge_weight": 0.003968253805642086,
      "std_edge_weight": 0.12773154248863242
    },
    "uniform": {
      "num_nodes": 27,
      "num_virtual_nodes": 10,
      "num_edges": 351,
      "density": 1.0,
      "avg_path_length": 0.33333335320154855,
      "diameter": 0.33333335320154855,
      "spectral_gap": 1.038461538461537,
      "algebraic_connectivity": 1.038461538461537,
      "cheeger_constant": 0.5192307692307685,
      "mean_edge_weight": 0.3333333532015486,
      "max_edge_weight": 0.33333335320154855,
      "min_edge_weight": 0.33333335320154855,
      "std_edge_weight": 5.551115123125783e-17
    },
    "differences": {
      "num_nodes": 0,
      "num_virtual_nodes": 0,
      "num_edges": -78,
      "density": -0.2222222222222222,
      "avg_path_length": -0.2919606299085274,
      "diameter": -0.17460318807039493,
      "spectral_gap": -0.652949543278064,
      "algebraic_connectivity": -0.652949543278064,
      "cheeger_constant": -0.326474771639032,
      "mean_edge_weight": -0.20743472702970758,
      "max_edge_weight": 0.37500004718701174,
      "min_edge_weight": -0.32936509939590647,
      "std_edge_weight": 0.12773154248863236
    }
  },
  {
    "graph_idx": 2,
    "num_nodes": 10,
    "num_edges": 17,
    "balanced": {
      "num_nodes": 10,
      "num_virtual_nodes": 5,
      "num_edges": 45,
      "density": 1.0,
      "avg_path_length": 0.10745780723627965,
      "diameter": 0.22222223546769904,
      "spectral_gap": 0.6011244247875489,
      "algebraic_connectivity": 0.6011244247875489,
      "cheeger_constant": 0.5555555555555556,
      "mean_edge_weight": 0.1887314305729691,
      "max_edge_weight": 0.7083334028720873,
      "min_edge_weight": 0.01587301664172658,
      "std_edge_weight": 0.12673260878522735
    },
    "uniform": {
      "num_nodes": 10,
      "num_virtual_nodes": 5,
      "num_edges": 45,
      "density": 1.0,
      "avg_path_length": 0.33333335320154855,
      "diameter": 0.33333335320154855,
      "spectral_gap": 1.1111111111111107,
      "algebraic_connectivity": 1.1111111111111107,
      "cheeger_constant": 0.5555555555555556,
      "mean_edge_weight": 0.33333335320154867,
      "max_edge_weight": 0.33333335320154855,
      "min_edge_weight": 0.33333335320154855,
      "std_edge_weight": 1.1102230246251565e-16
    },
    "differences": {
      "num_nodes": 0,
      "num_virtual_nodes": 0,
      "num_edges": 0,
      "density": 0.0,
      "avg_path_length": -0.2258755459652689,
      "diameter": -0.11111111773384952,
      "spectral_gap": -0.5099866863235618,
      "algebraic_connectivity": -0.5099866863235618,
      "cheeger_constant": 0.0,
      "mean_edge_weight": -0.14460192262857957,
      "max_edge_weight": 0.3750000496705388,
      "min_edge_weight": -0.317460336559822,
      "std_edge_weight": 0.12673260878522724
    }
  },
  {
    "graph_idx": 3,
    "num_nodes": 24,
    "num_edges": 46,
    "balanced": {
      "num_nodes": 24,
      "num_virtual_nodes": 10,
      "num_edges": 211,
      "density": 0.7644927536231884,
      "avg_path_length": 0.04228850540625542,
      "diameter": 0.1428571516381844,
      "spectral_gap": 0.37592672889298484,
      "algebraic_connectivity": 0.37592672889298484,
      "cheeger_constant": 0.18796336444649242,
      "mean_edge_weight": 0.1277330517222284,
      "max_edge_weight": 0.7083334003885603,
      "min_edge_weight": 0.003968253805642086,
      "std_edge_weight": 0.1220219310547916
    },
    "uniform": {
      "num_nodes": 24,
      "num_virtual_nodes": 10,
      "num_edges": 276,
      "density": 1.0,
      "avg_path_length": 0.33333335320154855,
      "diameter": 0.33333335320154855,
      "spectral_gap": 1.0434782608695634,
      "algebraic_connectivity": 1.0434782608695634,
      "cheeger_constant": 0.5217391304347817,
      "mean_edge_weight": 0.33333335320154855,
      "max_edge_weight": 0.33333335320154855,
      "min_edge_weight": 0.33333335320154855,
      "std_edge_weight": 0.0
    },
    "differences": {
      "num_nodes": 0,
      "num_virtual_nodes": 0,
      "num_edges": -65,
      "density": -0.23550724637681164,
      "avg_path_length": -0.29104484779529316,
      "diameter": -0.19047620156336414,
      "spectral_gap": -0.6675515319765786,
      "algebraic_connectivity": -0.6675515319765786,
      "cheeger_constant": -0.3337757659882893,
      "mean_edge_weight": -0.20560030147932015,
      "max_edge_weight": 0.37500004718701174,
      "min_edge_weight": -0.32936509939590647,
      "std_edge_weight": 0.1220219310547916
    }
  },
  {
    "graph_idx": 4,
    "num_nodes": 11,
    "num_edges": 21,
    "balanced": {
      "num_nodes": 11,
      "num_virtual_nodes": 5,
      "num_edges": 55,
      "density": 1.0,
      "avg_path_length": 0.10505051092979806,
      "diameter": 0.22222223546769904,
      "spectral_gap": 0.5875717681366102,
      "algebraic_connectivity": 0.5875717681366102,
      "cheeger_constant": 0.6,
      "mean_edge_weight": 0.19034735834856878,
      "max_edge_weight": 0.7083333022892444,
      "min_edge_weight": 0.01587301664172658,
      "std_edge_weight": 0.12198430895886912
    },
    "uniform": {
      "num_nodes": 11,
      "num_virtual_nodes": 5,
      "num_edges": 55,
      "density": 1.0,
      "avg_path_length": 0.33333335320154855,
      "diameter": 0.33333335320154855,
      "spectral_gap": 1.0999999999999985,
      "algebraic_connectivity": 1.0999999999999985,
      "cheeger_constant": 0.6,
      "mean_edge_weight": 0.33333335320154867,
      "max_edge_weight": 0.33333335320154855,
      "min_edge_weight": 0.33333335320154855,
      "std_edge_weight": 1.1102230246251565e-16
    },
    "differences": {
      "num_nodes": 0,
      "num_virtual_nodes": 0,
      "num_edges": 0,
      "density": 0.0,
      "avg_path_length": -0.2282828422717505,
      "diameter": -0.11111111773384952,
      "spectral_gap": -0.5124282318633884,
      "algebraic_connectivity": -0.5124282318633884,
      "cheeger_constant": 0.0,
      "mean_edge_weight": -0.1429859948529799,
      "max_edge_weight": 0.37499994908769585,
      "min_edge_weight": -0.317460336559822,
      "std_edge_weight": 0.12198430895886901
    }
  },
  {
    "graph_idx": 8,
    "num_nodes": 19,
    "num_edges": 33,
    "balanced": {
      "num_nodes": 19,
      "num_virtual_nodes": 9,
      "num_edges": 123,
      "density": 0.7192982456140351,
      "avg_path_length": 0.09263901199129193,
      "diameter": 0.22222223546769904,
      "spectral_gap": 0.5096177870094529,
      "algebraic_connectivity": 0.5096177870094529,
      "cheeger_constant": 0.4214876033057851,
      "mean_edge_weight": 0.14122790971078386,
      "max_edge_weight": 0.33333335320154855,
      "min_edge_weight": 0.003968254470872512,
      "std_edge_weight": 0.08417141133559407
    },
    "uniform": {
      "num_nodes": 19,
      "num_virtual_nodes": 9,
      "num_edges": 171,
      "density": 1.0,
      "avg_path_length": 0.33333335320154855,
      "diameter": 0.33333335320154855,
      "spectral_gap": 1.055555555555554,
      "algebraic_connectivity": 1.055555555555554,
      "cheeger_constant": 0.5555555555555556,
      "mean_edge_weight": 0.3333333532015486,
      "max_edge_weight": 0.33333335320154855,
      "min_edge_weight": 0.33333335320154855,
      "std_edge_weight": 5.551115123125783e-17
    },
    "differences": {
      "num_nodes": 0,
      "num_virtual_nodes": 0,
      "num_edges": -48,
      "density": -0.2807017543859649,
      "avg_path_length": -0.24069434121025662,
      "diameter": -0.11111111773384952,
      "spectral_gap": -0.5459377685461011,
      "algebraic_connectivity": -0.5459377685461011,
      "cheeger_constant": -0.13406795224977047,
      "mean_edge_weight": -0.19210544349076475,
      "max_edge_weight": 0.0,
      "min_edge_weight": -0.32936509873067604,
      "std_edge_weight": 0.08417141133559401
    }
  },
  {
    "graph_idx": 9,
    "num_nodes": 11,
    "num_edges": 19,
    "balanced": {
      "num_nodes": 11,
      "num_virtual_nodes": 5,
      "num_edges": 55,
      "density": 1.0,
      "avg_path_length": 0.10505051022021894,
      "diameter": 0.22222223546769904,
      "spectral_gap": 0.5875717635299845,
      "algebraic_connectivity": 0.5875717635299845,
      "cheeger_constant": 0.6,
      "mean_edge_weight": 0.19034735782928588,
      "max_edge_weight": 0.7083333010474809,
      "min_edge_weight": 0.01587301664172658,
      "std_edge_weight": 0.12198430924166712
    },
    "uniform": {
      "num_nodes": 11,
      "num_virtual_nodes": 5,
      "num_edges": 55,
      "density": 1.0,
      "avg_path_length": 0.33333335320154855,
      "diameter": 0.33333335320154855,
      "spectral_gap": 1.0999999999999985,
      "algebraic_connectivity": 1.0999999999999985,
      "cheeger_constant": 0.6,
      "mean_edge_weight": 0.33333335320154867,
      "max_edge_weight": 0.33333335320154855,
      "min_edge_weight": 0.33333335320154855,
      "std_edge_weight": 1.1102230246251565e-16
    },
    "differences": {
      "num_nodes": 0,
      "num_virtual_nodes": 0,
      "num_edges": 0,
      "density": 0.0,
      "avg_path_length": -0.22828284298132961,
      "diameter": -0.11111111773384952,
      "spectral_gap": -0.512428236470014,
      "algebraic_connectivity": -0.512428236470014,
      "cheeger_constant": 0.0,
      "mean_edge_weight": -0.14298599537226278,
      "max_edge_weight": 0.3749999478459324,
      "min_edge_weight": -0.317460336559822,
      "std_edge_weight": 0.121984309241667
    }
  }
]