[
  {
    "graph_idx": 0,
    "num_nodes": 17,
    "num_edges": 19,
    "balanced": {
      "num_nodes": 17,
      "num_virtual_nodes": 8,
      "num_edges": 110,
      "density": 0.8088235294117647,
      "avg_path_length": 0.03196904238942532,
      "diameter": 0.07837302533407087,
      "spectral_gap": 0.3091296087687345,
      "algebraic_connectivity": 0.3091296087687345,
      "cheeger_constant": 0.4666666666666667,
      "mean_edge_weight": 0.15384200083664368,
      "max_edge_weight": 0.7083334028720873,
      "min_edge_weight": 0.002267573958013608,
      "std_edge_weight": 0.15206039056428589
    },
    "uniform": {
      "num_nodes": 17,
      "num_virtual_nodes": 8,
      "num_edges": 136,
      "density": 1.0,
      "avg_path_length": 0.33333335320154855,
      "diameter": 0.33333335320154855,
      "spectral_gap": 1.062499999999998,
      "algebraic_connectivity": 1.062499999999998,
      "cheeger_constant": 0.5625,
      "mean_edge_weight": 0.33333335320154855,
      "max_edge_weight": 0.33333335320154855,
      "min_edge_weight": 0.33333335320154855,
      "std_edge_weight": 0.0
    },
    "differences": {
      "num_nodes": 0,
      "num_virtual_nodes": 0,
      "num_edges": -26,
      "density": -0.19117647058823528,
      "avg_path_length": -0.3013643108121232,
      "diameter": -0.2549603278674777,
      "spectral_gap": -0.7533703912312635,
      "algebraic_connectivity": -0.7533703912312635,
      "cheeger_constant": -0.09583333333333333,
      "mean_edge_weight": -0.17949135236490488,
      "max_edge_weight": 0.3750000496705388,
      "min_edge_weight": -0.331065779243535,
      "std_edge_weight": 0.15206039056428589
    }
  },
  {
    "graph_idx": 1,
    "num_nodes": 13,
    "num_edges": 14,
    "balanced": {
      "num_nodes": 13,
      "num_virtual_nodes": 6,
      "num_edges": 52,
      "density": 0.6666666666666666,
      "avg_path_length": 0.17342128203189097,
      "diameter": 0.4924242567609658,
      "spectral_gap": 0.35988763501597976,
      "algebraic_connectivity": 0.35988763501597976,
      "cheeger_constant": 0.4230769230769231,
      "mean_edge_weight": 0.22529491046975128,
      "max_edge_weight": 0.5,
      "min_edge_weight": 0.007575758648189657,
      "std_edge_weight": 0.13664717222863582
    },
    "uniform": {
      "num_nodes": 13,
      "num_virtual_nodes": 6,
      "num_edges": 78,
      "density": 1.0,
      "avg_path_length": 0.5,
      "diameter": 0.5,
      "spectral_gap": 1.0833333333333321,
      "algebraic_connectivity": 1.0833333333333321,
      "cheeger_constant": 0.5833333333333334,
      "mean_edge_weight": 0.5,
      "max_edge_weight": 0.5,
      "min_edge_weight": 0.5,
      "std_edge_weight": 0.0
    },
    "differences": {
      "num_nodes": 0,
      "num_virtual_nodes": 0,
      "num_edges": -26,
      "density": -0.33333333333333337,
      "avg_path_length": -0.326578717968109,
      "diameter": -0.007575743239034205,
      "spectral_gap": -0.7234456983173524,
      "algebraic_connectivity": -0.7234456983173524,
      "cheeger_constant": -0.1602564102564103,
      "mean_edge_weight": -0.27470508953024875,
      "max_edge_weight": 0.0,
      "min_edge_weight": -0.49242424135181034,
      "std_edge_weight": 0.13664717222863582
    }
  },
  {
    "graph_idx": 2,
    "num_nodes": 13,
    "num_edges": 14,
    "balanced": {
      "num_nodes": 13,
      "num_virtual_nodes": 6,
      "num_edges": 52,
      "density": 0.6666666666666666,
      "avg_path_length": 0.17342128203189097,
      "diameter": 0.4924242567609658,
      "spectral_gap": 0.35988763501597976,
      "algebraic_connectivity": 0.35988763501597976,
      "cheeger_constant": 0.4230769230769231,
      "mean_edge_weight": 0.22529491046975128,
      "max_edge_weight": 0.5,
      "min_edge_weight": 0.007575758648189657,
      "std_edge_weight": 0.13664717222863582
    },
    "uniform": {
      "num_nodes": 13,
      "num_virtual_nodes": 6,
      "num_edges": 78,
      "density": 1.0,
      "avg_path_length": 0.5,
      "diameter": 0.5,
      "spectral_gap": 1.0833333333333321,
      "algebraic_connectivity": 1.0833333333333321,
      "cheeger_constant": 0.5833333333333334,
      "mean_edge_weight": 0.5,
      "max_edge_weight": 0.5,
      "min_edge_weight": 0.5,
      "std_edge_weight": 0.0
    },
    "differences": {
      "num_nodes": 0,
      "num_virtual_nodes": 0,
      "num_edges": -26,
      "density": -0.33333333333333337,
      "avg_path_length": -0.326578717968109,
      "diameter": -0.007575743239034205,
      "spectral_gap": -0.7234456983173524,
      "algebraic_connectivity": -0.7234456983173524,
      "cheeger_constant": -0.1602564102564103,
      "mean_edge_weight": -0.27470508953024875,
      "max_edge_weight": 0.0,
      "min_edge_weight": -0.49242424135181034,
      "std_edge_weight": 0.13664717222863582
    }
  },
  {
    "graph_idx": 3,
    "num_nodes": 19,
    "num_edges": 22,
    "balanced": {
      "num_nodes": 19,
      "num_virtual_nodes": 9,
      "num_edges": 134,
      "density": 0.783625730994152,
      "avg_path_length": 0.06664810765918143,
      "diameter": 0.22222223546769904,
      "spectral_gap": 0.5608889003253468,
      "algebraic_connectivity": 0.5608889003253468,
      "cheeger_constant": 0.45454545454545453,
      "mean_edge_weight": 0.13295132388157602,
      "max_edge_weight": 0.33333334575096774,
      "min_edge_weight": 0.003968254470872512,
      "std_edge_weight": 0.08323121331771266
    },
    "uniform": {
      "num_nodes": 19,
      "num_virtual_nodes": 9,
      "num_edges": 171,
      "density": 1.0,
      "avg_path_length": 0.33333335320154855,
      "diameter": 0.33333335320154855,
      "spectral_gap": 1.055555555555554,
      "algebraic_connectivity": 1.055555555555554,
      "cheeger_constant": 0.5555555555555556,
      "mean_edge_weight": 0.3333333532015486,
      "max_edge_weight": 0.33333335320154855,
      "min_edge_weight": 0.33333335320154855,
      "std_edge_weight": 5.551115123125783e-17
    },
    "differences": {
      "num_nodes": 0,
      "num_virtual_nodes": 0,
      "num_edges": -37,
      "density": -0.216374269005848,
      "avg_path_length": -0.2666852455423671,
      "diameter": -0.11111111773384952,
      "spectral_gap": -0.49466665523020725,
      "algebraic_connectivity": -0.49466665523020725,
      "cheeger_constant": -0.10101010101010105,
      "mean_edge_weight": -0.2003820293199726,
      "max_edge_weight": -7.450580818968433e-09,
      "min_edge_weight": -0.32936509873067604,
      "std_edge_weight": 0.0832312133177126
    }
  },
  {
    "graph_idx": 4,
    "num_nodes": 11,
    "num_edges": 11,
    "balanced": {
      "num_nodes": 11,
      "num_virtual_nodes": 5,
      "num_edges": 55,
      "density": 1.0,
      "avg_path_length": 0.07829314299876977,
      "diameter": 0.19444446348481748,
      "spectral_gap": 0.6774696105547,
      "algebraic_connectivity": 0.6774696105547,
      "cheeger_constant": 0.6,
      "mean_edge_weight": 0.185232438915203,
      "max_edge_weight": 0.44047621207400456,
      "min_edge_weight": 0.002267573958013608,
      "std_edge_weight": 0.1063529716142722
    },
    "uniform": {
      "num_nodes": 11,
      "num_virtual_nodes": 5,
      "num_edges": 55,
      "density": 1.0,
      "avg_path_length": 0.33333335320154855,
      "diameter": 0.33333335320154855,
      "spectral_gap": 1.0999999999999985,
      "algebraic_connectivity": 1.0999999999999985,
      "cheeger_constant": 0.6,
      "mean_edge_weight": 0.33333335320154867,
      "max_edge_weight": 0.33333335320154855,
      "min_edge_weight": 0.33333335320154855,
      "std_edge_weight": 1.1102230246251565e-16
    },
    "differences": {
      "num_nodes": 0,
      "num_virtual_nodes": 0,
      "num_edges": 0,
      "density": 0.0,
      "avg_path_length": -0.2550402102027788,
      "diameter": -0.13888888971673108,
      "spectral_gap": -0.4225303894452985,
      "algebraic_connectivity": -0.4225303894452985,
      "cheeger_constant": 0.0,
      "mean_edge_weight": -0.14810091428634567,
      "max_edge_weight": 0.107142858872456,
      "min_edge_weight": -0.331065779243535,
      "std_edge_weight": 0.10635297161427208
    }
  },
  {
    "graph_idx": 5,
    "num_nodes": 28,
    "num_edges": 31,
    "balanced": {
      "num_nodes": 28,
      "num_virtual_nodes": 10,
      "num_edges": 290,
      "density": 0.7671957671957672,
      "avg_path_length": 0.04811395784909114,
      "diameter": 0.22222223546769904,
      "spectral_gap": 0.4359132266492384,
      "algebraic_connectivity": 0.4359132266492384,
      "cheeger_constant": 0.2179566133246192,
      "mean_edge_weight": 0.13204952351393875,
      "max_edge_weight": 0.7083334003885603,
      "min_edge_weight": 0.002267573958013608,
      "std_edge_weight": 0.12738824690475054
    },
    "uniform": {
      "num_nodes": 28,
      "num_virtual_nodes": 10,
      "num_edges": 378,
      "density": 1.0,
      "avg_path_length": 0.33333335320154855,
      "diameter": 0.33333335320154855,
      "spectral_gap": 1.0370370370370359,
      "algebraic_connectivity": 1.0370370370370359,
      "cheeger_constant": 0.5185185185185179,
      "mean_edge_weight": 0.33333335320154855,
      "max_edge_weight": 0.33333335320154855,
      "min_edge_weight": 0.33333335320154855,
      "std_edge_weight": 0.0
    },
    "differences": {
      "num_nodes": 0,
      "num_virtual_nodes": 0,
      "num_edges": -88,
      "density": -0.2328042328042328,
      "avg_path_length": -0.28521939535245744,
      "diameter": -0.11111111773384952,
      "spectral_gap": -0.6011238103877975,
      "algebraic_connectivity": -0.6011238103877975,
      "cheeger_constant": -0.30056190519389875,
      "mean_edge_weight": -0.2012838296876098,
      "max_edge_weight": 0.37500004718701174,
      "min_edge_weight": -0.331065779243535,
      "std_edge_weight": 0.12738824690475054
    }
  },
  {
    "graph_idx": 6,
    "num_nodes": 16,
    "num_edges": 17,
    "balanced": {
      "num_nodes": 16,
      "num_virtual_nodes": 8,
      "num_edges": 97,
      "density": 0.8083333333333333,
      "avg_path_length": 0.03342427479610758,
      "diameter": 0.07837301912525346,
      "spectral_gap": 0.2942402102726861,
      "algebraic_connectivity": 0.2942402102726861,
      "cheeger_constant": 0.4583333333333333,
      "mean_edge_weight": 0.15762559847025068,
      "max_edge_weight": 0.7083334003885603,
      "min_edge_weight": 0.002267574135408401,
      "std_edge_weight": 0.14525677688443828
    },
    "uniform": {
      "num_nodes": 16,
      "num_virtual_nodes": 8,
      "num_edges": 120,
      "density": 1.0,
      "avg_path_length": 0.33333335320154855,
      "diameter": 0.33333335320154855,
      "spectral_gap": 1.0666666666666644,
      "algebraic_connectivity": 1.0666666666666644,
      "cheeger_constant": 0.5333333333333333,
      "mean_edge_weight": 0.33333335320154855,
      "max_edge_weight": 0.33333335320154855,
      "min_edge_weight": 0.33333335320154855,
      "std_edge_weight": 0.0
    },
    "differences": {
      "num_nodes": 0,
      "num_virtual_nodes": 0,
      "num_edges": -23,
      "density": -0.19166666666666665,
      "avg_path_length": -0.29990907840544095,
      "diameter": -0.2549603340762951,
      "spectral_gap": -0.7724264563939783,
      "algebraic_connectivity": -0.7724264563939783,
      "cheeger_constant": -0.07500000000000001,
      "mean_edge_weight": -0.17570775473129788,
      "max_edge_weight": 0.37500004718701174,
      "min_edge_weight": -0.33106577906614015,
      "std_edge_weight": 0.14525677688443828
    }
  },
  {
    "graph_idx": 7,
    "num_nodes": 20,
    "num_edges": 22,
    "balanced": {
      "num_nodes": 20,
      "num_virtual_nodes": 10,
      "num_edges": 138,
      "density": 0.7263157894736842,
      "avg_path_length": 0.07921291455201451,
      "diameter": 0.22222223546769904,
      "spectral_gap": 0.5876675136171006,
      "algebraic_connectivity": 0.5876675136171006,
      "cheeger_constant": 0.4306569343065693,
      "mean_edge_weight": 0.12973233470683143,
      "max_edge_weight": 0.33333335320154855,
      "min_edge_weight": 0.002267573958013608,
      "std_edge_weight": 0.07699806761562307
    },
    "uniform": {
      "num_nodes": 20,
      "num_virtual_nodes": 10,
      "num_edges": 190,
      "density": 1.0,
      "avg_path_length": 0.33333335320154855,
      "diameter": 0.33333335320154855,
      "spectral_gap": 1.0526315789473668,
      "algebraic_connectivity": 1.0526315789473668,
      "cheeger_constant": 0.5263157894736842,
      "mean_edge_weight": 0.33333335320154844,
      "max_edge_weight": 0.33333335320154855,
      "min_edge_weight": 0.33333335320154855,
      "std_edge_weight": 1.1102230246251565e-16
    },
    "differences": {
      "num_nodes": 0,
      "num_virtual_nodes": 0,
      "num_edges": -52,
      "density": -0.27368421052631575,
      "avg_path_length": -0.25412043864953404,
      "diameter": -0.11111111773384952,
      "spectral_gap": -0.46496406533026624,
      "algebraic_connectivity": -0.46496406533026624,
      "cheeger_constant": -0.09565885516711486,
      "mean_edge_weight": -0.203601018494717,
      "max_edge_weight": 0.0,
      "min_edge_weight": -0.331065779243535,
      "std_edge_weight": 0.07699806761562296
    }
  },
  {
    "graph_idx": 8,
    "num_nodes": 12,
    "num_edges": 13,
    "balanced": {
      "num_nodes": 12,
      "num_virtual_nodes": 6,
      "num_edges": 44,
      "density": 0.6666666666666666,
      "avg_path_length": 0.18028425411739898,
      "diameter": 0.4962121327830988,
      "spectral_gap": 0.3282998587968832,
      "algebraic_connectivity": 0.3282998587968832,
      "cheeger_constant": 0.42857142857142855,
      "mean_edge_weight": 0.24051726426500392,
      "max_edge_weight": 0.5,
      "min_edge_weight": 0.007575758648189657,
      "std_edge_weight": 0.1390580959788827
    },
    "uniform": {
      "num_nodes": 12,
      "num_virtual_nodes": 6,
      "num_edges": 66,
      "density": 1.0,
      "avg_path_length": 0.5,
      "diameter": 0.5,
      "spectral_gap": 1.0909090909090893,
      "algebraic_connectivity": 1.0909090909090893,
      "cheeger_constant": 0.5454545454545454,
      "mean_edge_weight": 0.5,
      "max_edge_weight": 0.5,
      "min_edge_weight": 0.5,
      "std_edge_weight": 0.0
    },
    "differences": {
      "num_nodes": 0,
      "num_virtual_nodes": 0,
      "num_edges": -22,
      "density": -0.33333333333333337,
      "avg_path_length": -0.319715745882601,
      "diameter": -0.0037878672169012195,
      "spectral_gap": -0.762609232112206,
      "algebraic_connectivity": -0.762609232112206,
      "cheeger_constant": -0.11688311688311687,
      "mean_edge_weight": -0.2594827357349961,
      "max_edge_weight": 0.0,
      "min_edge_weight": -0.49242424135181034,
      "std_edge_weight": 0.1390580959788827
    }
  },
  {
    "graph_idx": 9,
    "num_nodes": 17,
    "num_edges": 19,
    "balanced": {
      "num_nodes": 17,
      "num_virtual_nodes": 8,
      "num_edges": 110,
      "density": 0.8088235294117647,
      "avg_path_length": 0.03196904238942532,
      "diameter": 0.07837302533407087,
      "spectral_gap": 0.3091296087687345,
      "algebraic_connectivity": 0.3091296087687345,
      "cheeger_constant": 0.4666666666666667,
      "mean_edge_weight": 0.15384200083664368,
      "max_edge_weight": 0.7083334028720873,
      "min_edge_weight": 0.002267573958013608,
      "std_edge_weight": 0.15206039056428589
    },
    "uniform": {
      "num_nodes": 17,
      "num_virtual_nodes": 8,
      "num_edges": 136,
      "density": 1.0,
      "avg_path_length": 0.33333335320154855,
      "diameter": 0.33333335320154855,
      "spectral_gap": 1.062499999999998,
      "algebraic_connectivity": 1.062499999999998,
      "cheeger_constant": 0.5625,
      "mean_edge_weight": 0.33333335320154855,
      "max_edge_weight": 0.33333335320154855,
      "min_edge_weight": 0.33333335320154855,
      "std_edge_weight": 0.0
    },
    "differences": {
      "num_nodes": 0,
      "num_virtual_nodes": 0,
      "num_edges": -26,
      "density": -0.19117647058823528,
      "avg_path_length": -0.3013643108121232,
      "diameter": -0.2549603278674777,
      "spectral_gap": -0.7533703912312635,
      "algebraic_connectivity": -0.7533703912312635,
      "cheeger_constant": -0.09583333333333333,
      "mean_edge_weight": -0.17949135236490488,
      "max_edge_weight": 0.3750000496705388,
      "min_edge_weight": -0.331065779243535,
      "std_edge_weight": 0.15206039056428589
    }
  }
]