[
  {
    "graph_idx": 0,
    "num_nodes": 17,
    "num_edges": 19,
    "balanced": {
      "num_nodes": 17,
      "num_virtual_nodes": 8,
      "num_edges": 110,
      "density": 0.8088235294117647,
      "avg_path_length": 0.03196904238942532,
      "diameter": 0.07837302533407087,
      "spectral_gap": 0.3091296087687345,
      "algebraic_connectivity": 0.3091296087687345,
      "cheeger_constant": 0.4666666666666667,
      "mean_edge_weight": 0.15384200083664368,
      "max_edge_weight": 0.7083334028720873,
      "min_edge_weight": 0.002267573958013608,
      "std_edge_weight": 0.15206039056428589
    },
    "uniform": {
      "num_nodes": 17,
      "num_virtual_nodes": 8,
      "num_edges": 136,
      "density": 1.0,
      "avg_path_length": 0.33333335320154855,
      "diameter": 0.33333335320154855,
      "spectral_gap": 1.062499999999998,
      "algebraic_connectivity": 1.062499999999998,
      "cheeger_constant": 0.5625,
      "mean_edge_weight": 0.33333335320154855,
      "max_edge_weight": 0.33333335320154855,
      "min_edge_weight": 0.33333335320154855,
      "std_edge_weight": 0.0
    },
    "differences": {
      "num_nodes": 0,
      "num_virtual_nodes": 0,
      "num_edges": -26,
      "density": -0.19117647058823528,
      "avg_path_length": -0.3013643108121232,
      "diameter": -0.2549603278674777,
      "spectral_gap": -0.7533703912312635,
      "algebraic_connectivity": -0.7533703912312635,
      "cheeger_constant": -0.09583333333333333,
      "mean_edge_weight": -0.17949135236490488,
      "max_edge_weight": 0.3750000496705388,
      "min_edge_weight": -0.331065779243535,
      "std_edge_weight": 0.15206039056428589
    }
  },
  {
    "graph_idx": 1,
    "num_nodes": 13,
    "num_edges": 14,
    "balanced": {
      "num_nodes": 13,
      "num_virtual_nodes": 6,
      "num_edges": 52,
      "density": 0.6666666666666666,
      "avg_path_length": 0.17342128203189097,
      "diameter": 0.4924242567609658,
      "spectral_gap": 0.35988763501597976,
      "algebraic_connectivity": 0.35988763501597976,
      "cheeger_constant": 0.4230769230769231,
      "mean_edge_weight": 0.22529491046975128,
      "max_edge_weight": 0.5,
      "min_edge_weight": 0.007575758648189657,
      "std_edge_weight": 0.13664717222863582
    },
    "uniform": {
      "num_nodes": 13,
      "num_virtual_nodes": 6,
      "num_edges": 78,
      "density": 1.0,
      "avg_path_length": 0.5,
      "diameter": 0.5,
      "spectral_gap": 1.0833333333333321,
      "algebraic_connectivity": 1.0833333333333321,
      "cheeger_constant": 0.5833333333333334,
      "mean_edge_weight": 0.5,
      "max_edge_weight": 0.5,
      "min_edge_weight": 0.5,
      "std_edge_weight": 0.0
    },
    "differences": {
      "num_nodes": 0,
      "num_virtual_nodes": 0,
      "num_edges": -26,
      "density": -0.33333333333333337,
      "avg_path_length": -0.326578717968109,
      "diameter": -0.007575743239034205,
      "spectral_gap": -0.7234456983173524,
      "algebraic_connectivity": -0.7234456983173524,
      "cheeger_constant": -0.1602564102564103,
      "mean_edge_weight": -0.27470508953024875,
      "max_edge_weight": 0.0,
      "min_edge_weight": -0.49242424135181034,
      "std_edge_weight": 0.13664717222863582
    }
  },
  {
    "graph_idx": 2,
    "num_nodes": 13,
    "num_edges": 14,
    "balanced": {
      "num_nodes": 13,
      "num_virtual_nodes": 6,
      "num_edges": 52,
      "density": 0.6666666666666666,
      "avg_path_length": 0.17342128203189097,
      "diameter": 0.4924242567609658,
      "spectral_gap": 0.35988763501597976,
      "algebraic_connectivity": 0.35988763501597976,
      "cheeger_constant": 0.4230769230769231,
      "mean_edge_weight": 0.22529491046975128,
      "max_edge_weight": 0.5,
      "min_edge_weight": 0.007575758648189657,
      "std_edge_weight": 0.13664717222863582
    },
    "uniform": {
      "num_nodes": 13,
      "num_virtual_nodes": 6,
      "num_edges": 78,
      "density": 1.0,
      "avg_path_length": 0.5,
      "diameter": 0.5,
      "spectral_gap": 1.0833333333333321,
      "algebraic_connectivity": 1.0833333333333321,
      "cheeger_constant": 0.5833333333333334,
      "mean_edge_weight": 0.5,
      "max_edge_weight": 0.5,
      "min_edge_weight": 0.5,
      "std_edge_weight": 0.0
    },
    "differences": {
      "num_nodes": 0,
      "num_virtual_nodes": 0,
      "num_edges": -26,
      "density": -0.33333333333333337,
      "avg_path_length": -0.326578717968109,
      "diameter": -0.007575743239034205,
      "spectral_gap": -0.7234456983173524,
      "algebraic_connectivity": -0.7234456983173524,
      "cheeger_constant": -0.1602564102564103,
      "mean_edge_weight": -0.27470508953024875,
      "max_edge_weight": 0.0,
      "min_edge_weight": -0.49242424135181034,
      "std_edge_weight": 0.13664717222863582
    }
  }
]