{
  "dataset": "MUTAG",
  "parameters": {
    "top_k": 3,
    "hidden_dim": 16,
    "num_epochs": 10,
    "seed": 42
  },
  "accuracy": {
    "balanced_cayley": 0.6052631578947368,
    "uniform": 0.631578947368421
  },
  "oversquashing_metrics": {
    "balanced_cayley": [
      {
        "graph_idx": 0,
        "num_nodes": 22,
        "num_virtual_nodes": 10,
        "metrics": {
          "mean_effective_resistance": 0.7554112672805786,
          "max_effective_resistance": 1.0,
          "std_effective_resistance": 0.2499414086341858,
          "bottleneck_edges": [
            [
              0,
              3,
              1.0
            ],
            [
              0,
              6,
              1.0
            ],
            [
              0,
              7,
              1.0
            ],
            [
              0,
              8,
              1.0
            ],
            [
              0,
              13,
              1.0
            ]
          ],
          "avg_path_length": 1.3203463203463204,
          "diameter": 2.0,
          "clustering_coefficient": 0.7094129726482667,
          "mean_degree": 16.272727272727273,
          "std_degree": 1.54277843167974,
          "max_degree": 20.0,
          "spectral_gap": 0.38831099545563347,
          "cheeger_constant": 0.19415549772781673,
          "dirichlet_energy": 25.7899169921875
        }
      },
      {
        "graph_idx": 1,
        "num_nodes": 24,
        "num_virtual_nodes": 10,
        "metrics": {
          "mean_effective_resistance": 0.70652174949646,
          "max_effective_resistance": 1.25,
          "std_effective_resistance": 0.19600412249565125,
          "bottleneck_edges": [
            [
              8,
              23,
              1.25
            ],
            [
              0,
              7,
              1.0
            ],
            [
              0,
              8,
              1.0
            ],
            [
              0,
              23,
              1.0
            ],
            [
              1,
              17,
              1.0
            ]
          ],
          "avg_path_length": 1.318840579710145,
          "diameter": 2.0,
          "clustering_coefficient": 0.7181122122201843,
          "mean_degree": 17.666666666666668,
          "std_degree": 1.8408935028645437,
          "max_degree": 21.0,
          "spectral_gap": 0.41862313744056406,
          "cheeger_constant": 0.20931156872028203,
          "dirichlet_energy": 46.196075439453125
        }
      },
      {
        "graph_idx": 2,
        "num_nodes": 25,
        "num_virtual_nodes": 10,
        "metrics": {
          "mean_effective_resistance": 0.6150000095367432,
          "max_effective_resistance": 1.5,
          "std_effective_resistance": 0.27858269214630127,
          "bottleneck_edges": [
            [
              14,
              19,
              1.5
            ],
            [
              14,
              21,
              1.5
            ],
            [
              14,
              22,
              1.5
            ],
            [
              14,
              24,
              1.5
            ],
            [
              0,
              14,
              1.0
            ]
          ],
          "avg_path_length": 1.2333333333333334,
          "diameter": 2.0,
          "clustering_coefficient": 0.7935635052941555,
          "mean_degree": 20.4,
          "std_degree": 2.4166091947189146,
          "max_degree": 23.0,
          "spectral_gap": 0.3059359665134762,
          "cheeger_constant": 0.1529679832567381,
          "dirichlet_energy": 22.647056579589844
        }
      },
      {
        "graph_idx": 3,
        "num_nodes": 15,
        "num_virtual_nodes": 7,
        "metrics": {
          "mean_effective_resistance": 1.0,
          "max_effective_resistance": 1.0,
          "std_effective_resistance": 0.0,
          "bottleneck_edges": [
            [
              0,
              1,
              1.0
            ],
            [
              0,
              2,
              1.0
            ],
            [
              0,
              3,
              1.0
            ],
            [
              0,
              4,
              1.0
            ],
            [
              0,
              5,
              1.0
            ]
          ],
          "avg_path_length": 1.2190476190476192,
          "diameter": 2.0,
          "clustering_coefficient": 0.8303744403744403,
          "mean_degree": 12.933333333333334,
          "std_degree": 1.8785337071473829,
          "max_degree": 15.0,
          "spectral_gap": 0.33328430035323764,
          "cheeger_constant": 0.391304347826087,
          "dirichlet_energy": 22.17859649658203
        }
      },
      {
        "graph_idx": 4,
        "num_nodes": 11,
        "num_virtual_nodes": 5,
        "metrics": {
          "mean_effective_resistance": 0.5272727012634277,
          "max_effective_resistance": 2.0,
          "std_effective_resistance": 0.5986210107803345,
          "bottleneck_edges": [
            [
              0,
              9,
              2.0
            ],
            [
              5,
              9,
              2.0
            ],
            [
              6,
              9,
              2.0
            ],
            [
              0,
              2,
              1.0
            ],
            [
              0,
              10,
              1.0
            ]
          ],
          "avg_path_length": 1.0,
          "diameter": 1.0,
          "clustering_coefficient": 1.0,
          "mean_degree": 12.0,
          "std_degree": 0.0,
          "max_degree": 12.0,
          "spectral_gap": 0.42562041510601833,
          "cheeger_constant": 0.5,
          "dirichlet_energy": 20.333332061767578
        }
      }
    ],
    "uniform": [
      {
        "graph_idx": 0,
        "num_nodes": 22,
        "num_virtual_nodes": 10,
        "metrics": {
          "mean_effective_resistance": 0.15171070396900177,
          "max_effective_resistance": 0.16767556965351105,
          "std_effective_resistance": 0.007188254967331886,
          "bottleneck_edges": [
            [
              17,
              20,
              0.16767556965351105
            ],
            [
              17,
              21,
              0.16767556965351105
            ],
            [
              18,
              20,
              0.16767556965351105
            ],
            [
              18,
              21,
              0.16767556965351105
            ],
            [
              17,
              18,
              0.1666666716337204
            ]
          ],
          "avg_path_length": 1.0,
          "diameter": 1.0,
          "clustering_coefficient": 1.0,
          "mean_degree": 23.0,
          "std_degree": 0.0,
          "max_degree": 23.0,
          "spectral_gap": 0.837571988461606,
          "cheeger_constant": 0.418785994230803,
          "dirichlet_energy": 116.0
        }
      },
      {
        "graph_idx": 1,
        "num_nodes": 24,
        "num_virtual_nodes": 10,
        "metrics": {
          "mean_effective_resistance": 0.14298811554908752,
          "max_effective_resistance": 0.15464693307876587,
          "std_effective_resistance": 0.006874261889606714,
          "bottleneck_edges": [
            [
              7,
              16,
              0.15464693307876587
            ],
            [
              7,
              17,
              0.15464693307876587
            ],
            [
              8,
              16,
              0.15464693307876587
            ],
            [
              8,
              17,
              0.15464693307876587
            ],
            [
              16,
              22,
              0.15464693307876587
            ]
          ],
          "avg_path_length": 1.0,
          "diameter": 1.0,
          "clustering_coefficient": 1.0,
          "mean_degree": 25.0,
          "std_degree": 0.0,
          "max_degree": 25.0,
          "spectral_gap": 0.847221777595633,
          "cheeger_constant": 0.4236108887978165,
          "dirichlet_energy": 200.0
        }
      },
      {
        "graph_idx": 2,
        "num_nodes": 25,
        "num_virtual_nodes": 10,
        "metrics": {
          "mean_effective_resistance": 0.1357174962759018,
          "max_effective_resistance": 0.14886592328548431,
          "std_effective_resistance": 0.005586317274719477,
          "bottleneck_edges": [
            [
              14,
              23,
              0.14886592328548431
            ],
            [
              15,
              23,
              0.14886592328548431
            ],
            [
              14,
              24,
              0.14886580407619476
            ],
            [
              15,
              24,
              0.14886580407619476
            ],
            [
              23,
              24,
              0.1488189995288849
            ]
          ],
          "avg_path_length": 1.0,
          "diameter": 1.0,
          "clustering_coefficient": 1.0,
          "mean_degree": 26.0,
          "std_degree": 0.0,
          "max_degree": 26.0,
          "spectral_gap": 0.846525085346471,
          "cheeger_constant": 0.4232625426732355,
          "dirichlet_energy": 114.0
        }
      },
      {
        "graph_idx": 3,
        "num_nodes": 15,
        "num_virtual_nodes": 7,
        "metrics": {
          "mean_effective_resistance": 0.2096766084432602,
          "max_effective_resistance": 0.23814573884010315,
          "std_effective_resistance": 0.013835744932293892,
          "bottleneck_edges": [
            [
              0,
              13,
              0.23814573884010315
            ],
            [
              0,
              14,
              0.23814572393894196
            ],
            [
              13,
              14,
              0.23529411852359772
            ],
            [
              0,
              7,
              0.22681298851966858
            ],
            [
              0,
              6,
              0.22681280970573425
            ]
          ],
          "avg_path_length": 1.0,
          "diameter": 1.0,
          "clustering_coefficient": 1.0,
          "mean_degree": 16.0,
          "std_degree": 0.0,
          "max_degree": 16.0,
          "spectral_gap": 0.8099440498781348,
          "cheeger_constant": 0.5,
          "dirichlet_energy": 70.0
        }
      },
      {
        "graph_idx": 4,
        "num_nodes": 11,
        "num_virtual_nodes": 5,
        "metrics": {
          "mean_effective_resistance": 0.2707477807998657,
          "max_effective_resistance": 0.3135441243648529,
          "std_effective_resistance": 0.02650492452085018,
          "bottleneck_edges": [
            [
              6,
              8,
              0.3135441243648529
            ],
            [
              6,
              9,
              0.3135441243648529
            ],
            [
              6,
              10,
              0.3135247230529785
            ],
            [
              8,
              10,
              0.3134642243385315
            ],
            [
              9,
              10,
              0.3134642243385315
            ]
          ],
          "avg_path_length": 1.0,
          "diameter": 1.0,
          "clustering_coefficient": 1.0,
          "mean_degree": 12.0,
          "std_degree": 0.0,
          "max_degree": 12.0,
          "spectral_gap": 0.780285361568888,
          "cheeger_constant": 0.5,
          "dirichlet_energy": 46.0
        }
      }
    ]
  },
  "learning_curves": {
    "balanced_cayley": {
      "train_loss": [
        0.6434208758672079,
        0.6018611200650533,
        0.5809183891614278,
        0.5735919106006623,
        0.5462258124351501,
        0.5358154690265655,
        0.5222389856974284,
        0.5105393868684769,
        0.5726974368095398,
        0.5077470684051514
      ],
      "train_acc": [
        0.6866666666666666,
        0.6933333333333334,
        0.6933333333333334,
        0.6933333333333334,
        0.6733333333333333,
        0.7466666666666667,
        0.72,
        0.7666666666666667,
        0.7066666666666667,
        0.76
      ],
      "test_acc": [
        0.5526315789473685,
        0.6052631578947368,
        0.6052631578947368,
        0.6052631578947368
      ]
    },
    "uniform": {
      "train_loss": [
        0.633397927681605,
        0.6054681452115377,
        0.5939416217803956,
        0.5798047296206157,
        0.5645653227965037,
        0.5487980210781097,
        0.5364475588003794,
        0.5153206272919972,
        0.5214374170700709,
        0.5416123700141907
      ],
      "train_acc": [
        0.6933333333333334,
        0.6933333333333334,
        0.6933333333333334,
        0.6933333333333334,
        0.6933333333333334,
        0.7333333333333333,
        0.72,
        0.76,
        0.76,
        0.7466666666666667
      ],
      "test_acc": [
        0.5526315789473685,
        0.5789473684210527,
        0.5789473684210527,
        0.631578947368421
      ]
    }
  }
}